\"	N	C
the	N	N
issues	N	N
of	N	N
both	N	N
law	N	N
and	N	N
fact	N	N
are	N	N
complex	C	N
,	N	C
novel	C	N
and	N	N
difficult	N	N
\"	N	C
Mr	N	N
Justice	N	N
Green	N	N
's	N	N
judgement	C	C
notes	N	N
that	N	N
,	N	C
before	N	N
even	N	N
hearing	C	N
the	N	N
case	N	N
he	N	N
promised	N	C
permission	C	C
to	N	N
appeal	C	N
would	N	N
be	N	N
granted	C	N
,	N	C
if	N	N
requested	C	C
,	N	C
whatever	N	N
the	N	N
outcome	C	C
.	N	C
Farmers	N	C
are	N	N
unable	N	N
to	N	N
work	N	N
owing	C	C
to	N	N
bombs	C	C
on	N	N
their	N	N
land	N	N
.	N	C
However	N	N
,	N	C
Justice	N	N
Antonin	N	C
Scalia	N	C
in	N	N
his	N	N
dissenting	C	C
opinion	N	N
derided	C	C
the	N	N
majority	C	N
decision	N	N
:	N	C
\"	N	C
The	N	N
opinion	N	N
is	N	N
couched	C	C
in	N	N
a	N	N
style	N	N
that	N	N
is	N	N
as	N	N
pretentious	C	C
as	N	N
its	N	N
content	C	N
is	N	N
egotistic	C	C
.	N	C
Saying	N	N
his	N	N
lawyer	N	N
had	N	N
instructed	C	C
him	N	N
not	N	N
to	N	N
speak	N	N
about	N	N
the	N	N
events	N	N
of	N	N
Saturday	N	N
inside	N	N
the	N	N
home	N	N
,	N	C
Conley	N	C
did	N	N
have	N	N
the	N	N
following	C	N
to	N	N
say	N	N
about	N	N
the	N	N
Jackson	N	C
children	N	N
:	N	C
\"	N	C
They	N	N
were	N	N
growing	N	N
up	N	N
to	N	N
be	N	N
monsters	C	C
,	N	C
they	N	N
were	N	N
disrespectful	C	C
,	N	C
rude	C	C
in	N	N
school	N	N
.	N	C
The	N	N
cause	N	N
of	N	N
the	N	N
crash	N	C
,	N	C
which	N	N
killed	N	N
dignitaries	C	C
including	N	N
Polish	N	C
President	N	N
Lech	N	C
Kaczynski	C	C
,	N	C
is	N	N
disputed	C	C
.	N	C
Nick	N	C
Bos	N	C
:	N	C
Me	N	N
and	N	N
a	N	N
studymate	C	C
were	N	N
keeping	N	N
a	N	N
lot	N	N
of	N	N
animals	N	N
during	N	N
our	N	N
studies	N	N
,	N	C
from	N	N
beetles	C	C
,	N	C
to	N	N
butterflies	C	C
and	N	N
mantids	C	C
,	N	C
to	N	N
ants	N	C
.	N	C
This	N	N
is	N	N
probably	C	N
for	N	N
reducing	C	C
chance	N	N
of	N	N
infecting	C	C
nestmates	C	C
,	N	C
but	N	N
of	N	N
course	N	N
it	N	N
also	N	N
reduces	N	C
the	N	N
work	N	N
load	N	C
of	N	N
their	N	N
nest-mates	C	C
,	N	C
as	N	N
their	N	N
corpse	C	C
does	N	N
n't	N	C
have	N	N
to	N	N
be	N	N
dragged	C	C
out	N	N
etc	N	N
.	N	C
VLT	N	C
has	N	N
further	N	N
claimed	C	N
to	N	N
have	N	N
identified	C	N
the	N	N
two	N	N
victims	N	C
as	N	N
a	N	N
mother	N	N
and	N	N
son	N	N
,	N	C
aged	N	C
55	N	N
and	N	N
28	N	N
respectively	C	C
.	N	C
The	N	N
Red	N	N
Cross	N	N
said	N	N
volunteers	C	C
were	N	N
at	N	N
the	N	N
camp	N	N
,	N	C
home	N	N
to	N	N
thousands	N	N
,	N	C
to	N	N
distribute	C	C
food	N	N
.	N	C
Initially	C	C
,	N	C
all	N	N
three	N	N
were	N	N
considered	C	N
victims	C	C
,	N	C
but	N	N
the	N	N
status	C	N
of	N	N
one	N	N
has	N	N
been	N	N
changed	C	N
to	N	N
suspect	C	C
.	N	C
He	N	N
also	N	N
spoke	N	N
of	N	N
his	N	N
distance	C	N
from	N	N
the	N	N
ongoing	C	C
trial	C	N
,	N	C
prompting	C	C
him	N	N
to	N	N
remark	N	C
of	N	N
his	N	N
\"	N	C
very	N	N
considerable	C	C
unease	C	C
\"	N	C
and	N	N
having	N	N
to	N	N
do	N	N
\"	N	C
the	N	N
best	N	N
I	N	N
could	N	N
\"	N	C
—	N	C
not	N	N
\"	N	C
a	N	N
comfortable	N	N
process	N	N
\"	N	C
.	N	C
Conley	N	C
was	N	N
asked	N	N
about	N	N
his	N	N
son	N	N
,	N	C
Nate	N	C
,	N	C
by	N	N
KPRC	N	C
's	N	N
Robert	N	N
Arnold	N	C
.	N	C
Ahmedabad	C	C
,	N	C
the	N	N
largest	N	N
city	N	N
in	N	N
the	N	N
state	N	N
,	N	C
has	N	N
seen	N	N
the	N	N
closure	C	C
of	N	N
public	N	N
transport	C	N
,	N	C
internet	N	N
access	N	N
,	N	C
schools	N	N
,	N	C
and	N	N
businesses	N	N
.	N	C
US	N	N
Supreme	N	N
Court	N	N
declares	C	C
same-sex	C	N
marriage	N	N
legal	C	N
lared	C	C
same-sex	N	N
marriage	N	N
legal	C	N
in	N	N
all	N	N
fifty	N	C
US	N	N
states	N	N
.	N	C
I	N	N
liked	N	N
it	N	N
so	N	N
much	N	N
there	N	N
I	N	N
ended	N	N
up	N	N
doing	N	N
a	N	N
PhD	C	C
and	N	N
I	N	N
've	N	C
been	N	N
working	N	N
on	N	N
social	C	N
insects	C	C
ever	N	N
since	N	N
.	N	C
The	N	N
collapse	C	C
occurred	C	C
on	N	N
one	N	N
of	N	N
the	N	N
busiest	C	C
days	N	N
of	N	N
the	N	N
year	N	N
for	N	N
the	N	N
local	N	N
road	N	N
network	N	N
.	N	C
Adnan	N	C
began	N	N
his	N	N
hunger	N	C
strike	N	N
in	N	N
protest	C	C
of	N	N
his	N	N
administrative	C	C
detention	C	C
,	N	C
which	N	N
began	N	N
last	N	N
July	N	N
,	N	C
demanding	C	C
Israel	N	N
either	N	N
release	C	N
or	N	N
charge	C	N
him	N	N
.	N	C
This	N	N
was	N	N
in	N	N
my	N	N
third	N	N
year	N	N
of	N	N
Biology	C	C
study	N	N
I	N	N
think	N	N
.	N	C
Wikinews	N	C
:	N	C
Ants	N	C
generally	N	N
avoided	C	C
the	N	N
peroxide	C	C
if	N	N
they	N	N
were	N	N
healthy	N	N
,	N	C
but	N	N
in	N	N
some	N	N
circumstances	C	C
might	N	N
they	N	N
try	N	N
to	N	N
build	N	N
resistance	C	C
against	N	N
infection	C	C
in	N	N
advance	N	N
?	N	C
An	N	N
air	N	N
ambulance	C	C
also	N	N
responded	C	C
.	N	C
Police	N	N
were	N	N
called	N	N
to	N	N
the	N	N
scene	N	N
at	N	N
13:00	N	N
local	N	N
time	N	N
and	N	N
found	N	N
three	N	N
stab	C	C
victims	C	C
.	N	C
I	N	N
'm	N	N
not	N	N
saying	N	N
they	N	N
're	N	N
dead	N	N
because	N	N
of	N	N
that	N	N
.	N	C
There	N	N
have	N	N
been	N	N
weeks	N	N
of	N	N
protests	C	C
by	N	N
members	N	N
of	N	N
the	N	N
Patel	N	C
caste	C	C
,	N	C
with	N	N
the	N	N
most	N	N
recent	N	N
involving	C	C
an	N	N
estimated	C	N
half	N	N
a	N	N
million	C	N
people	N	N
.	N	C
It	N	N
also	N	N
placed	N	N
blame	C	N
on	N	N
Russian	N	N
controllers	N	C
for	N	N
failing	C	C
to	N	N
divert	C	C
the	N	N
aircraft	N	N
.	N	C
A	N	N
Polish	N	C
probe	C	C
concluded	C	C
the	N	N
Polish	N	C
pilots	N	C
put	N	N
safety	N	N
second	N	N
in	N	N
their	N	N
determination	C	C
to	N	N
get	N	N
their	N	N
passengers	N	C
through	N	N
dense	C	C
fog	N	C
.	N	C
Kennedy	N	C
's	N	N
decision	C	N
brought	N	N
tears	N	C
to	N	N
the	N	N
eyes	N	N
of	N	N
some	N	N
lawyers	N	C
in	N	N
the	N	N
courtroom	N	C
.	N	C
The	N	N
Patel	N	C
caste	C	C
,	N	C
who	N	N
form	N	N
up	N	N
to	N	N
a	N	N
fifth	N	N
of	N	N
the	N	N
state	N	N
population	N	N
,	N	C
are	N	N
generally	N	N
seen	N	N
as	N	N
being	N	N
affluent	C	C
businesspeople	N	C
.	N	C
I	N	N
'm	N	N
not	N	N
even	N	N
saying	N	N
I	N	N
killed	C	N
them	N	N
.	N	C
\"	N	C
Justices	N	C
Sotomayor	N	C
,	N	C
Ginsburg	N	C
,	N	C
Kagan	N	C
,	N	C
Breyer	N	C
and	N	N
Kennedy	N	C
voted	N	N
in	N	N
favour	C	C
while	N	N
Justices	N	C
Roberts	N	C
,	N	C
Alito	N	C
,	N	C
Scalia	N	C
and	N	N
Thomas	N	N
voted	N	N
against	N	N
.	N	C
Local	N	N
newspaper	N	C
Vestmanlands	N	C
Läns	N	C
Tidning	N	C
(	N	C
VLT	N	C
)	N	C
has	N	N
reportedly	C	C
posted	N	N
footage	C	C
of	N	N
one	N	N
of	N	N
the	N	N
suspects	C	C
being	N	N
tackled	C	C
by	N	N
police	N	N
.	N	C
I	N	N
ended	N	N
up	N	N
going	N	N
to	N	N
the	N	N
Centre	N	N
for	N	N
Social	N	N
Evolution	C	C
at	N	N
the	N	N
University	N	N
of	N	N
Copenhagen	C	C
where	N	N
I	N	N
did	N	N
a	N	N
project	C	N
on	N	N
learning	N	N
in	N	N
Ants	N	C
under	N	N
supervision	C	C
of	N	N
Prof.	N	C
Patrizia	N	C
d'Ettorre	N	C
.	N	C
Police	N	N
have	N	N
said	N	N
CCTV	C	C
is	N	N
helping	N	N
in	N	N
the	N	N
investigation	C	N
.	N	C
The	N	N
military	N	N
said	N	N
the	N	N
Air	N	N
Force	N	N
was	N	N
dispatched	C	C
to	N	N
deal	N	N
with	N	N
\"	N	C
remnants	C	C
\"	N	C
of	N	N
the	N	N
Boko	N	C
Haram	N	C
militant	C	C
group	N	N
,	N	C
which	N	N
it	N	N
claims	N	N
to	N	N
be	N	N
in	N	N
a	N	N
final	N	N
push	N	N
against	N	N
.	N	C
Military	N	N
spokesman	C	C
General	N	N
Rabe	N	C
Abubakar	N	C
said	N	N
the	N	N
military	N	N
are	N	N
\"	N	C
all	N	N
in	N	N
pain	N	N
\"	N	C
after	N	N
the	N	N
disaster	C	C
,	N	C
adding	N	N
\"	N	C
in	N	N
a	N	N
military	N	N
operation	C	N
such	N	N
as	N	N
this	N	N
,	N	C
from	N	N
time	N	N
to	N	N
time	N	N
these	N	N
things	N	N
do	N	N
occur	C	C
.	N	C
\"	N	C
The	N	N
road	N	N
was	N	N
again	N	N
closed	N	N
one	N	N
week	N	N
later	N	N
to	N	N
collect	N	C
the	N	N
fallen	N	C
bridge	N	N
sections	N	C
,	N	C
which	N	N
were	N	N
sent	N	N
to	N	N
Highways	N	C
England	N	N
depots	C	C
for	N	N
investigators	C	C
.	N	C
Workers	N	N
with	N	N
cranes	C	C
toiled	C	C
overnight	C	C
to	N	N
clear	N	N
the	N	N
road	N	N
,	N	C
which	N	N
provides	N	N
access	C	N
to	N	N
London	N	N
as	N	N
well	N	N
as	N	N
the	N	N
Channel	N	N
Tunnel	N	C
and	N	N
Port	N	N
of	N	N
Dover	N	C
.	N	C
studies	N	N
,	N	C
and	N	N
decided	C	N
to	N	N
write	N	N
a	N	N
couple	C	N
of	N	N
professors	C	C
.	N	C
According	N	N
to	N	N
police	N	N
,	N	C
the	N	N
two	N	N
fatalities	C	C
do	N	N
not	N	N
have	N	N
any	N	N
obvious	C	N
connection	N	N
to	N	N
the	N	N
suspects	C	C
,	N	C
but	N	N
did	N	N
know	N	N
each	N	N
other	N	N
.	N	C
The	N	N
PIJ	N	C
is	N	N
a	N	N
militaristic	C	C
Palestinian	C	C
Jihad	N	C
movement	N	N
.	N	C
Ahmed	N	C
al-Aouri	N	C
,	N	C
a	N	N
PIJ	N	C
member	N	N
,	N	C
told	N	N
al-Araby	N	C
newspaper	N	C
\"	N	C
the	N	N
Islamic	N	C
Jihad	N	C
Movement	N	N
—	N	C
in	N	N
which	N	N
Khader	N	C
Adnan	N	C
is	N	N
a	N	N
leading	N	N
member	N	N
—	N	C
will	N	N
not	N	N
be	N	N
bound	C	C
by	N	N
any	N	N
truce	C	C
agreement	N	N
if	N	N
he	N	N
comes	N	N
to	N	N
any	N	N
harm	C	C
.	N	C
\"	N	C
The	N	N
other	N	N
two	N	N
,	N	C
a	N	N
man	N	N
and	N	N
a	N	N
woman	N	N
,	N	C
subsequently	C	C
died	N	N
from	N	N
their	N	N
wounds	C	C
.	N	C
Wood	N	N
ants	N	C
collect	N	C
tree-resin	C	C
,	N	C
which	N	N
has	N	N
anti-microbial	C	C
properties	N	N
.	N	C
The	N	N
national	N	N
government	N	N
has	N	N
deployed	C	C
several	N	N
thousand	N	N
paramilitary	C	C
personnel	N	C
to	N	N
assist	C	C
the	N	N
state	N	N
government	N	N
.	N	C
The	N	N
impoverished	C	C
region	N	N
,	N	C
in	N	N
the	N	N
northeast	N	C
of	N	N
the	N	N
nation	N	N
,	N	C
has	N	N
suffered	C	C
severe	C	C
famine	C	C
as	N	N
conflict	C	N
interrupts	C	C
agriculture	C	C
.	N	C
He	N	N
also	N	N
promised	N	C
a	N	N
swift	C	C
Court	N	N
of	N	N
Appeal	C	N
hearing	C	N
to	N	N
comply	C	C
with	N	N
Thai	N	C
trial	N	N
time	N	N
constraints	C	C
.	N	C
Last	N	N
week	N	N
,	N	C
the	N	N
PIJ	N	C
threatened	C	C
to	N	N
end	N	N
its	N	N
cease-fire	C	C
with	N	N
Israel	N	N
,	N	C
should	N	N
Adnan	N	C
die	N	N
under	N	N
Israeli	N	C
custody	C	C
.	N	C
The	N	N
stakes	C	C
are	N	N
very	N	N
high	N	N
for	N	N
both	N	N
sides	N	N
\"	N	C
,	N	C
he	N	N
added	N	N
.	N	C
Conley	N	C
added	N	N
,	N	C
\"	N	C
God	N	N
says	N	N
in	N	N
the	N	N
Bible	N	C
do	N	N
not	N	N
disrespect	C	C
your	N	N
mother	N	N
and	N	N
father	N	N
or	N	N
your	N	N
days	N	N
will	N	N
be	N	N
short	N	N
,	N	C
but	N	N
I	N	N
'm	N	N
not	N	N
saying	N	N
that	N	N
's	N	N
what	N	N
happened	C	N
.	N	C
\"	N	C
However	N	N
,	N	C
they	N	N
want	N	N
their	N	N
community	C	N
to	N	N
be	N	N
given	N	N
the	N	N
status	N	N
of	N	N
Other	N	N
Backward	N	C
Class	N	N
,	N	C
which	N	N
would	N	N
result	N	N
in	N	N
eligibility	C	C
for	N	N
reserved	C	C
jobs	N	N
.	N	C
More	N	N
than	N	N
30	N	N
states	N	N
already	N	N
permitted	C	C
gay	C	N
marriage	N	N
.	N	C
Within	N	N
a	N	N
week	N	N
of	N	N
the	N	N
Law	N	N
and	N	N
Justice	N	N
Party	N	N
coming	N	N
to	N	N
power	N	N
in	N	N
Poland	N	C
,	N	C
it	N	N
removed	C	N
web	C	N
pages	N	N
featuring	C	C
the	N	N
results	N	N
of	N	N
an	N	N
investigation	C	N
into	N	N
the	N	N
Smolensk	C	C
air	N	N
disaster	C	C
in	N	N
Russia	N	N
in	N	N
2010	N	N
.	N	C
The	N	N
Fed	C	C
has	N	N
not	N	N
increased	C	N
interest	N	N
rates	N	N
since	N	N
2006	N	N
,	N	C
and	N	N
during	N	N
the	N	N
2007-2009	N	C
recession	C	C
,	N	C
it	N	N
lowered	N	C
rates	N	N
to	N	N
historically	C	C
low	N	N
levels	N	N
.	N	C
This	N	N
procedural	C	C
measure	N	N
allows	N	N
most	N	N
of	N	N
Obamacare	N	C
to	N	N
be	N	N
repealed	C	C
by	N	N
a	N	N
simple	N	N
majority	C	N
rather	N	N
than	N	N
the	N	N
usual	N	N
requirement	N	C
of	N	N
60	N	N
out	N	N
of	N	N
the	N	N
senate	N	N
's	N	N
100	N	C
votes	N	N
and	N	N
effectively	C	C
prevents	N	C
the	N	N
use	N	N
of	N	N
filibuster	C	C
.	N	C
NB	N	C
:	N	C
Who	N	N
knows	N	N
?	N	C
The	N	N
hashtag	C	C
\"	N	C
#BROTUS	N	C
,	N	C
\"	N	C
a	N	N
play	N	N
on	N	N
the	N	N
acronym	C	C
for	N	N
President	N	N
of	N	N
the	N	N
United	N	N
States	N	N
(	N	C
POTUS	N	C
)	N	C
,	N	C
was	N	N
a	N	N
common	N	N
sight	N	C
on	N	N
Twitter	N	N
in	N	N
2016	N	N
.	N	C
In	N	N
my	N	N
judgment	N	C
the	N	N
common	N	N
law	N	N
,	N	C
\"	N	C
the	N	N
judgement	N	C
reads	N	C
,	N	C
\"	N	C
and	N	N
in	N	N
particular	N	N
the	N	N
principles	C	C
of	N	N
natural	N	N
justice	C	N
and	N	N
fairness	C	C
,	N	C
would	N	N
in	N	N
a	N	N
case	N	N
such	N	N
as	N	N
this	N	N
which	N	N
involves	N	C
the	N	N
right	N	N
to	N	N
life	N	N
,	N	C
and	N	N
the	N	N
right	N	N
to	N	N
a	N	N
fair	N	N
trial	C	N
,	N	C
as	N	N
well	N	N
as	N	N
powerful	N	N
countervailing	C	C
issues	N	N
of	N	N
public	N	N
interest	N	N
,	N	C
compel	C	C
the	N	N
court	N	N
to	N	N
apply	N	N
the	N	N
most	N	N
intense	C	C
level	N	N
of	N	N
anxious	C	C
scrutiny	C	C
to	N	N
the	N	N
facts	N	N
to	N	N
ensure	N	N
that	N	N
the	N	N
accused	C	C
were	N	N
not	N	N
prejudiced	C	C
.	N	C
\"	N	C
Also	N	N
not	N	N
known	N	N
yet	N	N
unfortunately	C	N
.	N	C
Irabor	N	C
said	N	N
two	N	N
soldiers	N	N
were	N	N
amongst	C	C
the	N	N
dead	N	N
and	N	N
others	N	N
were	N	N
wounded	N	C
.	N	C
I	N	N
love	N	N
Nate	N	C
.	N	C
Major	N	N
General	N	N
Leo	N	C
Irabor	N	C
,	N	C
who	N	N
led	N	N
the	N	N
operation	C	N
,	N	C
said	N	N
\"	N	C
Unfortunately	C	N
,	N	C
the	N	N
strike	C	N
was	N	N
conducted	C	C
but	N	N
it	N	N
turned	N	N
out	N	N
that	N	N
other	N	N
civilians	C	C
were	N	N
somewhere	N	N
around	N	N
the	N	N
area	N	N
and	N	N
they	N	N
were	N	N
affected	C	N
\"	N	C
.	N	C
This	N	N
is	N	N
the	N	N
worst	C	N
working	N	N
day	N	N
of	N	N
my	N	N
life	N	N
\"	N	C
(	N	C
(	N	C
sv	N	C
)	N	C
)	N	C
,	N	C
said	N	N
Mattias	N	C
Johansson	N	C
,	N	C
the	N	N
store	N	N
manager	N	N
of	N	N
IKEA	N	C
in	N	N
Västerås	N	C
,	N	C
to	N	N
Sveriges	N	C
Television	N	N
.	N	C
Police	N	N
sent	N	N
several	N	N
vehicles	C	N
to	N	N
the	N	N
scene	C	N
and	N	N
25	N	N
firefighters	C	C
attended	C	C
.	N	C
That	N	N
said	N	N
,	N	C
there	N	N
is	N	N
a	N	N
very	N	N
interesting	N	N
study	N	N
about	N	N
resin	C	C
collection	C	N
in	N	N
ants	N	C
.	N	C
Adnan	N	C
,	N	C
37	N	N
,	N	C
is	N	N
an	N	N
active	N	N
member	N	N
of	N	N
the	N	N
PIJ	N	C
in	N	N
the	N	N
West	N	N
Bank	N	N
,	N	C
and	N	N
has	N	N
been	N	N
its	N	N
spokesperson	C	C
there	N	N
.	N	C
The	N	N
motive	C	C
is	N	N
,	N	C
thus	N	N
far	N	N
,	N	C
unknown	N	C
.	N	C
Russian	N	N
investigators	C	C
blamed	C	C
the	N	N
pilots	C	C
alone	N	N
.	N	C
Ahmedabad	C	C
is	N	N
being	N	N
patrolled	C	C
by	N	N
400	N	C
military	N	N
personnel	C	C
.	N	C
Another	N	N
man	N	N
was	N	N
arrested	N	N
at	N	N
the	N	N
scene	N	N
,	N	C
which	N	N
was	N	N
an	N	N
IKEA	C	C
furniture	N	C
retailer	C	C
.	N	C
I	N	N
love	N	N
Nate	N	C
to	N	N
death	N	N
,	N	C
\"	N	C
Conley	N	C
replied	C	C
.	N	C
The	N	N
Supreme	N	N
Court	N	N
ruled	N	C
by	N	N
a	N	N
five-to-four	N	N
vote	N	N
that	N	N
bans	C	C
on	N	N
same-sex	C	N
marriage	N	N
were	N	N
not	N	N
constitutional	C	C
.	N	C
According	N	N
to	N	N
the	N	N
paper	N	N
,	N	C
the	N	N
victims	N	C
were	N	N
not	N	N
local	N	N
residents	C	N
,	N	C
but	N	N
did	N	N
have	N	N
a	N	N
connection	C	N
with	N	N
Västerås	N	C
,	N	C
where	N	N
they	N	N
were	N	N
vacationing	C	C
at	N	N
the	N	N
time	N	N
of	N	N
the	N	N
attack	N	N
,	N	C
which	N	N
a	N	N
police	N	N
spokesperson	C	C
has	N	N
called	N	N
\"	N	C
an	N	N
act	N	N
of	N	N
madness	C	C
\"	N	C
(	N	C
(	N	C
sv	N	C
)	N	C
)	N	C
.	N	C
So	N	N
as	N	N
an	N	N
answer	N	N
to	N	N
the	N	N
question	N	N
,	N	C
I	N	N
would	N	N
find	N	N
it	N	N
unlikely	C	C
that	N	N
such	N	N
a	N	N
behaviour	C	C
would	N	N
evolve	C	C
,	N	C
but	N	N
it	N	N
's	N	N
not	N	N
known	N	N
yet	N	N
.	N	C
Same-sex	N	N
marriage	N	N
was	N	N
banned	C	C
in	N	N
more	N	N
than	N	N
a	N	N
dozen	C	C
states	N	N
.	N	C
This	N	N
is	N	N
not	N	N
a	N	N
Report	N	N
which	N	N
contains	N	N
,	N	C
for	N	N
instance	C	C
,	N	C
state	N	N
secrets	N	C
.	N	C
\"	N	C
Two	N	N
slain	C	C
in	N	N
knife	N	C
attack	N	N
at	N	N
Swedish	C	C
IKEA	C	C
furniture	N	C
retailer	C	C
The	N	N
store	N	N
front	N	N
of	N	N
the	N	N
IKEA	N	C
in	N	N
Västerås	C	C
,	N	C
Sweden	N	C
,	N	C
where	N	N
the	N	N
attack	N	N
occurred	C	C
Two	N	N
people	N	N
were	N	N
killed	N	N
yesterday	N	N
afternoon	N	N
and	N	N
another	N	N
seriously	C	N
injured	C	C
in	N	N
Västerås	N	C
,	N	C
Sweden	N	C
.	N	C
During	N	N
his	N	N
hunger	N	C
strike	N	N
,	N	C
Adnan	N	C
refused	C	C
medical	N	N
aid	N	N
and	N	N
relied	C	C
only	N	N
on	N	N
water	N	N
for	N	N
sustenance	C	C
,	N	C
not	N	N
taking	N	N
any	N	N
minerals	C	C
or	N	N
salts	N	C
.	N	C
Nate	N	C
did	N	N
n't	N	C
give	N	N
me	N	N
any	N	N
respect	C	N
because	N	N
of	N	N
what	N	N
his	N	N
mother	N	N
was	N	N
doing	N	N
to	N	N
me	N	N
[	N	C
...	N	C
]	N	C
She	N	N
was	N	N
cheating	C	C
on	N	N
me	N	N
.	N	C
\"	N	C
The	N	N
violence	C	N
is	N	N
thought	N	N
to	N	N
have	N	N
started	N	N
after	N	N
a	N	N
brief	C	C
attempt	C	N
by	N	N
police	N	N
to	N	N
arrest	C	C
protest	C	C
leader	N	N
Hardik	C	C
Patel	N	C
,	N	C
22	N	N
or	N	N
21	N	N
.	N	C
They	N	N
collect	N	C
this	N	N
even	N	N
if	N	N
not	N	N
infected	N	C
,	N	C
and	N	N
when	N	N
you	N	N
infect	N	C
them	N	N
,	N	C
they	N	N
do	N	N
n't	N	C
collect	N	C
more	N	N
of	N	N
the	N	N
resin	C	C
than	N	N
normal	N	N
.	N	C
The	N	N
majority	C	N
decision	C	N
was	N	N
delivered	C	N
by	N	N
Justice	N	N
Anthony	N	C
Kennedy	N	C
.	N	C
The	N	N
flight	N	N
was	N	N
carrying	N	N
high-profile	C	N
political	C	N
figures	N	N
to	N	N
attend	N	C
a	N	N
ceremony	C	C
commemorating	C	C
the	N	N
70th	N	C
anniversary	N	C
of	N	N
the	N	N
Katyn	N	C
massacre	C	C
,	N	C
when	N	N
thousands	N	N
of	N	N
Polish	N	C
prisoners	N	C
of	N	N
war	N	N
and	N	N
civilians	C	C
were	N	N
killed	N	N
by	N	N
the	N	N
Soviets	C	C
.	N	C
We	N	N
had	N	N
the	N	N
ants	N	C
in	N	N
an	N	N
observation	C	C
nest	C	C
,	N	C
and	N	N
I	N	N
could	N	N
just	N	N
look	N	N
at	N	N
them	N	N
for	N	N
hours	N	N
,	N	C
watching	N	N
them	N	N
go	N	N
about	N	N
.	N	C
The	N	N
injured	N	C
man	N	N
is	N	N
considered	C	N
a	N	N
suspect	C	C
in	N	N
the	N	N
knife	C	C
attack	N	N
and	N	N
was	N	N
arrested	C	N
in	N	N
hospital	N	N
.	N	C
Late-night	N	N
vote	N	N
sets	N	N
Obamacare	C	C
up	N	N
for	N	N
filibuster-free	C	C
repeal	C	C
At	N	N
1:30	N	N
a.m.	N	C
on	N	N
Thursday	N	N
morning	N	N
the	N	N
United	N	N
States	N	N
Senate	C	N
voted	N	N
to	N	N
include	N	N
the	N	N
repeal	C	C
of	N	N
the	N	N
Affordable	C	C
Care	N	N
Act	N	N
,	N	C
better	N	N
known	N	N
as	N	N
Obamacare	C	C
,	N	C
as	N	N
part	N	N
of	N	N
a	N	N
budget	C	N
blueprint	C	C
.	N	C
After	N	N
a	N	N
while	N	N
I	N	N
needed	N	N
to	N	N
start	N	N
thinking	N	N
about	N	N
an	N	N
internship	C	C
for	N	N
my	N	N
M.Sc	C	C
.	N	C
