\"	N	N
the	N	N
issues	N	N
of	N	N
both	N	N
law	N	N
and	N	N
fact	N	N
are	N	N
complex	C	N
,	N	N
novel	C	N
and	N	N
difficult	N	C
\"	N	N
Mr	N	N
Justice	N	N
Green	N	N
's	N	N
judgement	C	C
notes	N	N
that	N	N
,	N	N
before	N	N
even	N	N
hearing	C	N
the	N	N
case	N	N
he	N	N
promised	N	N
permission	C	C
to	N	N
appeal	C	N
would	N	N
be	N	N
granted	C	N
,	N	N
if	N	N
requested	C	C
,	N	N
whatever	N	N
the	N	N
outcome	C	N
.	N	N
Farmers	N	N
are	N	N
unable	N	N
to	N	N
work	N	N
owing	C	N
to	N	N
bombs	C	N
on	N	N
their	N	N
land	N	N
.	N	N
However	N	N
,	N	N
Justice	N	N
Antonin	N	N
Scalia	N	N
in	N	N
his	N	N
dissenting	C	C
opinion	N	N
derided	C	N
the	N	N
majority	C	N
decision	N	N
:	N	N
\"	N	N
The	N	N
opinion	N	N
is	N	N
couched	C	N
in	N	N
a	N	N
style	N	N
that	N	N
is	N	N
as	N	N
pretentious	C	C
as	N	N
its	N	N
content	C	N
is	N	N
egotistic	C	C
.	N	N
Saying	N	N
his	N	N
lawyer	N	N
had	N	N
instructed	C	C
him	N	N
not	N	N
to	N	N
speak	N	N
about	N	N
the	N	N
events	N	N
of	N	N
Saturday	N	N
inside	N	N
the	N	N
home	N	N
,	N	N
Conley	N	N
did	N	N
have	N	N
the	N	N
following	C	C
to	N	N
say	N	N
about	N	N
the	N	N
Jackson	N	N
children	N	N
:	N	N
\"	N	N
They	N	N
were	N	N
growing	N	N
up	N	N
to	N	N
be	N	N
monsters	C	N
,	N	N
they	N	N
were	N	N
disrespectful	C	C
,	N	N
rude	C	N
in	N	N
school	N	N
.	N	N
The	N	N
cause	N	N
of	N	N
the	N	N
crash	N	N
,	N	N
which	N	N
killed	N	N
dignitaries	C	C
including	N	C
Polish	N	N
President	N	C
Lech	N	N
Kaczynski	C	C
,	N	N
is	N	N
disputed	C	N
.	N	N
Nick	N	N
Bos	N	N
:	N	N
Me	N	N
and	N	N
a	N	N
studymate	C	C
were	N	N
keeping	N	N
a	N	N
lot	N	N
of	N	N
animals	N	N
during	N	N
our	N	N
studies	N	N
,	N	N
from	N	N
beetles	C	N
,	N	N
to	N	N
butterflies	C	C
and	N	N
mantids	C	N
,	N	N
to	N	N
ants	N	N
.	N	N
This	N	N
is	N	N
probably	C	N
for	N	N
reducing	C	N
chance	N	N
of	N	N
infecting	C	C
nestmates	C	C
,	N	N
but	N	N
of	N	N
course	N	N
it	N	N
also	N	N
reduces	N	N
the	N	N
work	N	N
load	N	N
of	N	N
their	N	N
nest-mates	C	C
,	N	N
as	N	N
their	N	N
corpse	C	N
does	N	N
n't	N	N
have	N	N
to	N	N
be	N	N
dragged	C	N
out	N	N
etc	N	N
.	N	N
VLT	N	N
has	N	N
further	N	N
claimed	C	N
to	N	N
have	N	N
identified	C	C
the	N	N
two	N	N
victims	N	N
as	N	N
a	N	N
mother	N	N
and	N	N
son	N	N
,	N	N
aged	N	N
55	N	N
and	N	N
28	N	N
respectively	C	C
.	N	N
The	N	N
Red	N	N
Cross	N	N
said	N	N
volunteers	C	C
were	N	N
at	N	N
the	N	N
camp	N	N
,	N	N
home	N	N
to	N	N
thousands	N	C
,	N	N
to	N	N
distribute	C	C
food	N	N
.	N	N
Initially	C	C
,	N	N
all	N	N
three	N	N
were	N	N
considered	C	C
victims	C	N
,	N	N
but	N	N
the	N	N
status	C	N
of	N	N
one	N	N
has	N	N
been	N	N
changed	C	N
to	N	N
suspect	C	N
.	N	N
He	N	N
also	N	N
spoke	N	N
of	N	N
his	N	N
distance	C	N
from	N	N
the	N	N
ongoing	C	N
trial	C	N
,	N	N
prompting	C	C
him	N	N
to	N	N
remark	N	N
of	N	N
his	N	N
\"	N	N
very	N	N
considerable	C	C
unease	C	N
\"	N	N
and	N	N
having	N	N
to	N	N
do	N	N
\"	N	N
the	N	N
best	N	N
I	N	N
could	N	N
\"	N	N
—	N	N
not	N	N
\"	N	N
a	N	N
comfortable	N	C
process	N	N
\"	N	N
.	N	N
Conley	N	N
was	N	N
asked	N	N
about	N	N
his	N	N
son	N	N
,	N	N
Nate	N	N
,	N	N
by	N	N
KPRC	N	N
's	N	N
Robert	N	N
Arnold	N	N
.	N	N
Ahmedabad	C	C
,	N	N
the	N	N
largest	N	N
city	N	N
in	N	N
the	N	N
state	N	N
,	N	N
has	N	N
seen	N	N
the	N	N
closure	C	N
of	N	N
public	N	N
transport	C	C
,	N	N
internet	N	N
access	N	N
,	N	N
schools	N	N
,	N	N
and	N	N
businesses	N	C
.	N	N
US	N	N
Supreme	N	N
Court	N	N
declares	C	N
same-sex	C	N
marriage	N	N
legal	C	N
lared	C	N
same-sex	N	N
marriage	N	N
legal	C	N
in	N	N
all	N	N
fifty	N	N
US	N	N
states	N	N
.	N	N
I	N	N
liked	N	N
it	N	N
so	N	N
much	N	N
there	N	N
I	N	N
ended	N	N
up	N	N
doing	N	N
a	N	N
PhD	C	N
and	N	N
I	N	N
've	N	N
been	N	N
working	N	N
on	N	N
social	C	N
insects	C	N
ever	N	N
since	N	N
.	N	N
The	N	N
collapse	C	N
occurred	C	N
on	N	N
one	N	N
of	N	N
the	N	N
busiest	C	N
days	N	N
of	N	N
the	N	N
year	N	N
for	N	N
the	N	N
local	N	N
road	N	N
network	N	N
.	N	N
Adnan	N	N
began	N	N
his	N	N
hunger	N	N
strike	N	N
in	N	N
protest	C	N
of	N	N
his	N	N
administrative	C	C
detention	C	C
,	N	N
which	N	N
began	N	N
last	N	N
July	N	N
,	N	N
demanding	C	C
Israel	N	N
either	N	N
release	C	N
or	N	N
charge	C	N
him	N	N
.	N	N
This	N	N
was	N	N
in	N	N
my	N	N
third	N	N
year	N	N
of	N	N
Biology	C	N
study	N	N
I	N	N
think	N	N
.	N	N
Wikinews	N	N
:	N	N
Ants	N	N
generally	N	C
avoided	C	N
the	N	N
peroxide	C	N
if	N	N
they	N	N
were	N	N
healthy	N	N
,	N	N
but	N	N
in	N	N
some	N	N
circumstances	C	C
might	N	N
they	N	N
try	N	N
to	N	N
build	N	N
resistance	C	C
against	N	N
infection	C	C
in	N	N
advance	N	N
?	N	N
An	N	N
air	N	N
ambulance	C	C
also	N	N
responded	C	C
.	N	N
Police	N	N
were	N	N
called	N	N
to	N	N
the	N	N
scene	N	N
at	N	N
13:00	N	N
local	N	N
time	N	N
and	N	N
found	N	N
three	N	N
stab	C	N
victims	C	N
.	N	N
I	N	N
'm	N	N
not	N	N
saying	N	N
they	N	N
're	N	N
dead	N	N
because	N	N
of	N	N
that	N	N
.	N	N
There	N	N
have	N	N
been	N	N
weeks	N	N
of	N	N
protests	C	N
by	N	N
members	N	N
of	N	N
the	N	N
Patel	N	N
caste	C	N
,	N	N
with	N	N
the	N	N
most	N	N
recent	N	N
involving	C	C
an	N	N
estimated	C	C
half	N	N
a	N	N
million	C	N
people	N	N
.	N	N
It	N	N
also	N	N
placed	N	N
blame	C	N
on	N	N
Russian	N	N
controllers	N	C
for	N	N
failing	C	N
to	N	N
divert	C	N
the	N	N
aircraft	N	N
.	N	N
A	N	N
Polish	N	N
probe	C	N
concluded	C	C
the	N	N
Polish	N	N
pilots	N	N
put	N	N
safety	N	N
second	N	N
in	N	N
their	N	N
determination	C	C
to	N	N
get	N	N
their	N	N
passengers	N	C
through	N	N
dense	C	N
fog	N	N
.	N	N
Kennedy	N	N
's	N	N
decision	C	N
brought	N	N
tears	N	N
to	N	N
the	N	N
eyes	N	N
of	N	N
some	N	N
lawyers	N	N
in	N	N
the	N	N
courtroom	N	C
.	N	N
The	N	N
Patel	N	N
caste	C	N
,	N	N
who	N	N
form	N	N
up	N	N
to	N	N
a	N	N
fifth	N	N
of	N	N
the	N	N
state	N	N
population	N	C
,	N	N
are	N	N
generally	N	C
seen	N	N
as	N	N
being	N	N
affluent	C	N
businesspeople	N	C
.	N	N
I	N	N
'm	N	N
not	N	N
even	N	N
saying	N	N
I	N	N
killed	C	N
them	N	N
.	N	N
\"	N	N
Justices	N	N
Sotomayor	N	C
,	N	N
Ginsburg	N	N
,	N	N
Kagan	N	N
,	N	N
Breyer	N	N
and	N	N
Kennedy	N	N
voted	N	N
in	N	N
favour	C	N
while	N	N
Justices	N	N
Roberts	N	N
,	N	N
Alito	N	N
,	N	N
Scalia	N	N
and	N	N
Thomas	N	N
voted	N	N
against	N	N
.	N	N
Local	N	N
newspaper	N	C
Vestmanlands	N	C
Läns	N	N
Tidning	N	N
(	N	N
VLT	N	N
)	N	N
has	N	N
reportedly	C	C
posted	N	N
footage	C	N
of	N	N
one	N	N
of	N	N
the	N	N
suspects	C	N
being	N	N
tackled	C	N
by	N	N
police	N	N
.	N	N
I	N	N
ended	N	N
up	N	N
going	N	N
to	N	N
the	N	N
Centre	N	N
for	N	N
Social	N	N
Evolution	C	C
at	N	N
the	N	N
University	N	C
of	N	N
Copenhagen	C	C
where	N	N
I	N	N
did	N	N
a	N	N
project	C	N
on	N	N
learning	N	N
in	N	N
Ants	N	N
under	N	N
supervision	C	C
of	N	N
Prof.	N	N
Patrizia	N	N
d'Ettorre	N	C
.	N	N
Police	N	N
have	N	N
said	N	N
CCTV	C	N
is	N	N
helping	N	N
in	N	N
the	N	N
investigation	C	C
.	N	N
The	N	N
military	N	N
said	N	N
the	N	N
Air	N	N
Force	N	N
was	N	N
dispatched	C	C
to	N	N
deal	N	N
with	N	N
\"	N	N
remnants	C	N
\"	N	N
of	N	N
the	N	N
Boko	N	N
Haram	N	N
militant	C	N
group	N	N
,	N	N
which	N	N
it	N	N
claims	N	N
to	N	N
be	N	N
in	N	N
a	N	N
final	N	N
push	N	N
against	N	N
.	N	N
Military	N	N
spokesman	C	C
General	N	N
Rabe	N	N
Abubakar	N	N
said	N	N
the	N	N
military	N	N
are	N	N
\"	N	N
all	N	N
in	N	N
pain	N	N
\"	N	N
after	N	N
the	N	N
disaster	C	N
,	N	N
adding	N	N
\"	N	N
in	N	N
a	N	N
military	N	N
operation	C	C
such	N	N
as	N	N
this	N	N
,	N	N
from	N	N
time	N	N
to	N	N
time	N	N
these	N	N
things	N	N
do	N	N
occur	C	N
.	N	N
\"	N	N
The	N	N
road	N	N
was	N	N
again	N	N
closed	N	N
one	N	N
week	N	N
later	N	N
to	N	N
collect	N	N
the	N	N
fallen	N	N
bridge	N	N
sections	N	N
,	N	N
which	N	N
were	N	N
sent	N	N
to	N	N
Highways	N	N
England	N	N
depots	C	N
for	N	N
investigators	C	C
.	N	N
Workers	N	N
with	N	N
cranes	C	N
toiled	C	N
overnight	C	C
to	N	N
clear	N	N
the	N	N
road	N	N
,	N	N
which	N	N
provides	N	N
access	C	N
to	N	N
London	N	N
as	N	N
well	N	N
as	N	N
the	N	N
Channel	N	N
Tunnel	N	N
and	N	N
Port	N	N
of	N	N
Dover	N	N
.	N	N
studies	N	N
,	N	N
and	N	N
decided	C	N
to	N	N
write	N	N
a	N	N
couple	C	N
of	N	N
professors	C	C
.	N	N
According	N	C
to	N	N
police	N	N
,	N	N
the	N	N
two	N	N
fatalities	C	C
do	N	N
not	N	N
have	N	N
any	N	N
obvious	C	N
connection	N	C
to	N	N
the	N	N
suspects	C	N
,	N	N
but	N	N
did	N	N
know	N	N
each	N	N
other	N	N
.	N	N
The	N	N
PIJ	N	N
is	N	N
a	N	N
militaristic	C	C
Palestinian	C	C
Jihad	N	N
movement	N	N
.	N	N
Ahmed	N	N
al-Aouri	N	N
,	N	N
a	N	N
PIJ	N	N
member	N	N
,	N	N
told	N	N
al-Araby	N	N
newspaper	N	C
\"	N	N
the	N	N
Islamic	N	N
Jihad	N	N
Movement	N	N
—	N	N
in	N	N
which	N	N
Khader	N	N
Adnan	N	N
is	N	N
a	N	N
leading	N	N
member	N	N
—	N	N
will	N	N
not	N	N
be	N	N
bound	C	N
by	N	N
any	N	N
truce	C	N
agreement	N	C
if	N	N
he	N	N
comes	N	N
to	N	N
any	N	N
harm	C	N
.	N	N
\"	N	N
The	N	N
other	N	N
two	N	N
,	N	N
a	N	N
man	N	N
and	N	N
a	N	N
woman	N	N
,	N	N
subsequently	C	C
died	N	N
from	N	N
their	N	N
wounds	C	N
.	N	N
Wood	N	N
ants	N	N
collect	N	N
tree-resin	C	C
,	N	N
which	N	N
has	N	N
anti-microbial	C	C
properties	N	C
.	N	N
The	N	N
national	N	N
government	N	C
has	N	N
deployed	C	N
several	N	N
thousand	N	N
paramilitary	C	C
personnel	N	C
to	N	N
assist	C	N
the	N	N
state	N	N
government	N	C
.	N	N
The	N	N
impoverished	C	C
region	N	N
,	N	N
in	N	N
the	N	N
northeast	N	C
of	N	N
the	N	N
nation	N	N
,	N	N
has	N	N
suffered	C	N
severe	C	N
famine	C	N
as	N	N
conflict	C	N
interrupts	C	C
agriculture	C	C
.	N	N
He	N	N
also	N	N
promised	N	N
a	N	N
swift	C	N
Court	N	N
of	N	N
Appeal	C	N
hearing	C	N
to	N	N
comply	C	N
with	N	N
Thai	N	N
trial	N	N
time	N	N
constraints	C	C
.	N	N
Last	N	N
week	N	N
,	N	N
the	N	N
PIJ	N	N
threatened	C	C
to	N	N
end	N	N
its	N	N
cease-fire	C	C
with	N	N
Israel	N	N
,	N	N
should	N	N
Adnan	N	N
die	N	N
under	N	N
Israeli	N	N
custody	C	N
.	N	N
The	N	N
stakes	C	N
are	N	N
very	N	N
high	N	N
for	N	N
both	N	N
sides	N	N
\"	N	N
,	N	N
he	N	N
added	N	N
.	N	N
Conley	N	N
added	N	N
,	N	N
\"	N	N
God	N	N
says	N	N
in	N	N
the	N	N
Bible	N	N
do	N	N
not	N	N
disrespect	C	C
your	N	N
mother	N	N
and	N	N
father	N	N
or	N	N
your	N	N
days	N	N
will	N	N
be	N	N
short	N	N
,	N	N
but	N	N
I	N	N
'm	N	N
not	N	N
saying	N	N
that	N	N
's	N	N
what	N	N
happened	C	N
.	N	N
\"	N	N
However	N	N
,	N	N
they	N	N
want	N	N
their	N	N
community	C	C
to	N	N
be	N	N
given	N	N
the	N	N
status	N	N
of	N	N
Other	N	N
Backward	N	N
Class	N	N
,	N	N
which	N	N
would	N	N
result	N	N
in	N	N
eligibility	C	C
for	N	N
reserved	C	N
jobs	N	N
.	N	N
More	N	N
than	N	N
30	N	N
states	N	N
already	N	N
permitted	C	C
gay	C	N
marriage	N	N
.	N	N
Within	N	N
a	N	N
week	N	N
of	N	N
the	N	N
Law	N	N
and	N	N
Justice	N	N
Party	N	N
coming	N	N
to	N	N
power	N	N
in	N	N
Poland	N	N
,	N	N
it	N	N
removed	C	N
web	C	N
pages	N	N
featuring	C	C
the	N	N
results	N	N
of	N	N
an	N	N
investigation	C	C
into	N	N
the	N	N
Smolensk	C	N
air	N	N
disaster	C	N
in	N	N
Russia	N	N
in	N	N
2010	N	N
.	N	N
The	N	N
Fed	C	N
has	N	N
not	N	N
increased	C	C
interest	N	N
rates	N	N
since	N	N
2006	N	N
,	N	N
and	N	N
during	N	N
the	N	N
2007-2009	N	C
recession	C	C
,	N	N
it	N	N
lowered	N	N
rates	N	N
to	N	N
historically	C	C
low	N	N
levels	N	N
.	N	N
This	N	N
procedural	C	C
measure	N	N
allows	N	N
most	N	N
of	N	N
Obamacare	N	C
to	N	N
be	N	N
repealed	C	N
by	N	N
a	N	N
simple	N	N
majority	C	N
rather	N	N
than	N	N
the	N	N
usual	N	N
requirement	N	C
of	N	N
60	N	N
out	N	N
of	N	N
the	N	N
senate	N	N
's	N	N
100	N	N
votes	N	N
and	N	N
effectively	C	C
prevents	N	N
the	N	N
use	N	N
of	N	N
filibuster	C	C
.	N	N
NB	N	N
:	N	N
Who	N	N
knows	N	N
?	N	N
The	N	N
hashtag	C	N
\"	N	N
#BROTUS	N	N
,	N	N
\"	N	N
a	N	N
play	N	N
on	N	N
the	N	N
acronym	C	N
for	N	N
President	N	C
of	N	N
the	N	N
United	N	N
States	N	N
(	N	N
POTUS	N	N
)	N	N
,	N	N
was	N	N
a	N	N
common	N	N
sight	N	N
on	N	N
Twitter	N	N
in	N	N
2016	N	N
.	N	N
In	N	N
my	N	N
judgment	N	N
the	N	N
common	N	N
law	N	N
,	N	N
\"	N	N
the	N	N
judgement	N	C
reads	N	N
,	N	N
\"	N	N
and	N	N
in	N	N
particular	N	C
the	N	N
principles	C	C
of	N	N
natural	N	N
justice	C	N
and	N	N
fairness	C	N
,	N	N
would	N	N
in	N	N
a	N	N
case	N	N
such	N	N
as	N	N
this	N	N
which	N	N
involves	N	N
the	N	N
right	N	N
to	N	N
life	N	N
,	N	N
and	N	N
the	N	N
right	N	N
to	N	N
a	N	N
fair	N	N
trial	C	N
,	N	N
as	N	N
well	N	N
as	N	N
powerful	N	N
countervailing	C	C
issues	N	N
of	N	N
public	N	N
interest	N	N
,	N	N
compel	C	N
the	N	N
court	N	N
to	N	N
apply	N	N
the	N	N
most	N	N
intense	C	N
level	N	N
of	N	N
anxious	C	N
scrutiny	C	N
to	N	N
the	N	N
facts	N	N
to	N	N
ensure	N	N
that	N	N
the	N	N
accused	C	N
were	N	N
not	N	N
prejudiced	C	C
.	N	N
\"	N	N
Also	N	N
not	N	N
known	N	N
yet	N	N
unfortunately	C	C
.	N	N
Irabor	N	N
said	N	N
two	N	N
soldiers	N	N
were	N	N
amongst	C	N
the	N	N
dead	N	N
and	N	N
others	N	N
were	N	N
wounded	N	N
.	N	N
I	N	N
love	N	N
Nate	N	N
.	N	N
Major	N	N
General	N	N
Leo	N	N
Irabor	N	N
,	N	N
who	N	N
led	N	N
the	N	N
operation	C	C
,	N	N
said	N	N
\"	N	N
Unfortunately	C	C
,	N	N
the	N	N
strike	C	N
was	N	N
conducted	C	C
but	N	N
it	N	N
turned	N	N
out	N	N
that	N	N
other	N	N
civilians	C	C
were	N	N
somewhere	N	C
around	N	N
the	N	N
area	N	N
and	N	N
they	N	N
were	N	N
affected	C	N
\"	N	N
.	N	N
This	N	N
is	N	N
the	N	N
worst	C	N
working	N	N
day	N	N
of	N	N
my	N	N
life	N	N
\"	N	N
(	N	N
(	N	N
sv	N	N
)	N	N
)	N	N
,	N	N
said	N	N
Mattias	N	N
Johansson	N	C
,	N	N
the	N	N
store	N	N
manager	N	N
of	N	N
IKEA	N	N
in	N	N
Västerås	N	N
,	N	N
to	N	N
Sveriges	N	N
Television	N	C
.	N	N
Police	N	N
sent	N	N
several	N	N
vehicles	C	N
to	N	N
the	N	N
scene	C	N
and	N	N
25	N	N
firefighters	C	C
attended	C	N
.	N	N
That	N	N
said	N	N
,	N	N
there	N	N
is	N	N
a	N	N
very	N	N
interesting	N	C
study	N	N
about	N	N
resin	C	N
collection	C	C
in	N	N
ants	N	N
.	N	N
Adnan	N	N
,	N	N
37	N	N
,	N	N
is	N	N
an	N	N
active	N	N
member	N	N
of	N	N
the	N	N
PIJ	N	N
in	N	N
the	N	N
West	N	N
Bank	N	N
,	N	N
and	N	N
has	N	N
been	N	N
its	N	N
spokesperson	C	C
there	N	N
.	N	N
The	N	N
motive	C	N
is	N	N
,	N	N
thus	N	N
far	N	N
,	N	N
unknown	N	N
.	N	N
Russian	N	N
investigators	C	C
blamed	C	N
the	N	N
pilots	C	N
alone	N	N
.	N	N
Ahmedabad	C	C
is	N	N
being	N	N
patrolled	C	C
by	N	N
400	N	N
military	N	N
personnel	C	C
.	N	N
Another	N	N
man	N	N
was	N	N
arrested	N	N
at	N	N
the	N	N
scene	N	N
,	N	N
which	N	N
was	N	N
an	N	N
IKEA	C	N
furniture	N	C
retailer	C	N
.	N	N
I	N	N
love	N	N
Nate	N	N
to	N	N
death	N	N
,	N	N
\"	N	N
Conley	N	N
replied	C	N
.	N	N
The	N	N
Supreme	N	N
Court	N	N
ruled	N	N
by	N	N
a	N	N
five-to-four	N	C
vote	N	N
that	N	N
bans	C	N
on	N	N
same-sex	C	N
marriage	N	N
were	N	N
not	N	N
constitutional	C	C
.	N	N
According	N	C
to	N	N
the	N	N
paper	N	N
,	N	N
the	N	N
victims	N	N
were	N	N
not	N	N
local	N	N
residents	C	C
,	N	N
but	N	N
did	N	N
have	N	N
a	N	N
connection	C	C
with	N	N
Västerås	N	N
,	N	N
where	N	N
they	N	N
were	N	N
vacationing	C	C
at	N	N
the	N	N
time	N	N
of	N	N
the	N	N
attack	N	N
,	N	N
which	N	N
a	N	N
police	N	N
spokesperson	C	C
has	N	N
called	N	N
\"	N	N
an	N	N
act	N	N
of	N	N
madness	C	N
\"	N	N
(	N	N
(	N	N
sv	N	N
)	N	N
)	N	N
.	N	N
So	N	N
as	N	N
an	N	N
answer	N	N
to	N	N
the	N	N
question	N	N
,	N	N
I	N	N
would	N	N
find	N	N
it	N	N
unlikely	C	N
that	N	N
such	N	N
a	N	N
behaviour	C	C
would	N	N
evolve	C	N
,	N	N
but	N	N
it	N	N
's	N	N
not	N	N
known	N	N
yet	N	N
.	N	N
Same-sex	N	N
marriage	N	N
was	N	N
banned	C	N
in	N	N
more	N	N
than	N	N
a	N	N
dozen	C	N
states	N	N
.	N	N
This	N	N
is	N	N
not	N	N
a	N	N
Report	N	N
which	N	N
contains	N	N
,	N	N
for	N	N
instance	C	N
,	N	N
state	N	N
secrets	N	N
.	N	N
\"	N	N
Two	N	N
slain	C	N
in	N	N
knife	N	N
attack	N	N
at	N	N
Swedish	C	N
IKEA	C	N
furniture	N	C
retailer	C	N
The	N	N
store	N	N
front	N	N
of	N	N
the	N	N
IKEA	N	N
in	N	N
Västerås	C	N
,	N	N
Sweden	N	N
,	N	N
where	N	N
the	N	N
attack	N	N
occurred	C	N
Two	N	N
people	N	N
were	N	N
killed	N	N
yesterday	N	C
afternoon	N	C
and	N	N
another	N	N
seriously	C	C
injured	C	N
in	N	N
Västerås	N	N
,	N	N
Sweden	N	N
.	N	N
During	N	N
his	N	N
hunger	N	N
strike	N	N
,	N	N
Adnan	N	N
refused	C	N
medical	N	N
aid	N	N
and	N	N
relied	C	N
only	N	N
on	N	N
water	N	N
for	N	N
sustenance	C	C
,	N	N
not	N	N
taking	N	N
any	N	N
minerals	C	N
or	N	N
salts	N	N
.	N	N
Nate	N	N
did	N	N
n't	N	N
give	N	N
me	N	N
any	N	N
respect	C	N
because	N	N
of	N	N
what	N	N
his	N	N
mother	N	N
was	N	N
doing	N	N
to	N	N
me	N	N
[	N	N
...	N	N
]	N	N
She	N	N
was	N	N
cheating	C	N
on	N	N
me	N	N
.	N	N
\"	N	N
The	N	N
violence	C	N
is	N	N
thought	N	N
to	N	N
have	N	N
started	N	N
after	N	N
a	N	N
brief	C	N
attempt	C	N
by	N	N
police	N	N
to	N	N
arrest	C	N
protest	C	N
leader	N	N
Hardik	C	N
Patel	N	N
,	N	N
22	N	N
or	N	N
21	N	N
.	N	N
They	N	N
collect	N	N
this	N	N
even	N	N
if	N	N
not	N	N
infected	N	N
,	N	N
and	N	N
when	N	N
you	N	N
infect	N	N
them	N	N
,	N	N
they	N	N
do	N	N
n't	N	N
collect	N	N
more	N	N
of	N	N
the	N	N
resin	C	N
than	N	N
normal	N	N
.	N	N
The	N	N
majority	C	N
decision	C	N
was	N	N
delivered	C	C
by	N	N
Justice	N	N
Anthony	N	N
Kennedy	N	N
.	N	N
The	N	N
flight	N	N
was	N	N
carrying	N	N
high-profile	C	C
political	C	C
figures	N	N
to	N	N
attend	N	N
a	N	N
ceremony	C	N
commemorating	C	C
the	N	N
70th	N	N
anniversary	N	C
of	N	N
the	N	N
Katyn	N	N
massacre	C	N
,	N	N
when	N	N
thousands	N	C
of	N	N
Polish	N	N
prisoners	N	C
of	N	N
war	N	N
and	N	N
civilians	C	C
were	N	N
killed	N	N
by	N	N
the	N	N
Soviets	C	N
.	N	N
We	N	N
had	N	N
the	N	N
ants	N	N
in	N	N
an	N	N
observation	C	C
nest	C	N
,	N	N
and	N	N
I	N	N
could	N	N
just	N	N
look	N	N
at	N	N
them	N	N
for	N	N
hours	N	N
,	N	N
watching	N	N
them	N	N
go	N	N
about	N	N
.	N	N
The	N	N
injured	N	N
man	N	N
is	N	N
considered	C	C
a	N	N
suspect	C	N
in	N	N
the	N	N
knife	C	N
attack	N	N
and	N	N
was	N	N
arrested	C	N
in	N	N
hospital	N	N
.	N	N
Late-night	N	C
vote	N	N
sets	N	N
Obamacare	C	C
up	N	N
for	N	N
filibuster-free	C	C
repeal	C	N
At	N	N
1:30	N	N
a.m.	N	N
on	N	N
Thursday	N	N
morning	N	N
the	N	N
United	N	N
States	N	N
Senate	C	N
voted	N	N
to	N	N
include	N	N
the	N	N
repeal	C	N
of	N	N
the	N	N
Affordable	C	C
Care	N	N
Act	N	N
,	N	N
better	N	N
known	N	N
as	N	N
Obamacare	C	C
,	N	N
as	N	N
part	N	N
of	N	N
a	N	N
budget	C	N
blueprint	C	C
.	N	N
After	N	N
a	N	N
while	N	N
I	N	N
needed	N	N
to	N	N
start	N	N
thinking	N	N
about	N	N
an	N	N
internship	C	C
for	N	N
my	N	N
M.Sc	C	N
.	N	N
